{"cameraMode":{"drawMode":0,"name":"Shaded","section":"Shading Mode"},"sceneLighting":true,"audioPlay":false,"sceneViewState":{"showFog":true,"showMaterialUpdate":false,"showSkybox":true,"showFlares":true,"showImageEffects":true,"showParticleSystems":true},"in2DMode":false,"pivot":{"x":-20.13117027282715,"y":-21.512842178344728,"z":-19.35992431640625},"rotation":{"x":-0.059705447405576709,"y":0.91352778673172,"z":-0.14537210762500764,"w":-0.37518924474716189},"size":52.1274299621582,"orthographic":false}