{"cameraMode":{"drawMode":0,"name":"Shaded","section":"Shading Mode"},"sceneLighting":false,"audioPlay":false,"sceneViewState":{"showFog":true,"showMaterialUpdate":false,"showSkybox":true,"showFlares":true,"showImageEffects":true,"showParticleSystems":true},"in2DMode":false,"pivot":{"x":-0.07107281684875488,"y":0.42622900009155276,"z":-0.14832782745361329},"rotation":{"x":-0.03150371089577675,"y":0.9684500098228455,"z":-0.1795417219400406,"w":-0.16993118822574616},"size":8.995226860046387,"orthographic":false}