{"cameraMode":{"drawMode":0,"name":"Shaded","section":"Shading Mode"},"sceneLighting":true,"audioPlay":false,"sceneViewState":{"showFog":true,"showMaterialUpdate":false,"showSkybox":true,"showFlares":true,"showImageEffects":true,"showParticleSystems":true},"in2DMode":false,"pivot":{"x":-0.562077522277832,"y":-0.9551239013671875,"z":-3.2036819458007814},"rotation":{"x":-0.041688285768032077,"y":0.9570975303649902,"z":-0.17653538286685944,"w":-0.2260034829378128},"size":33.71491241455078,"orthographic":false}