{"cameraMode":{"drawMode":0,"name":"Shaded","section":"Shading Mode"},"sceneLighting":true,"audioPlay":false,"sceneViewState":{"showFog":true,"showMaterialUpdate":false,"showSkybox":true,"showFlares":true,"showImageEffects":true,"showParticleSystems":true},"in2DMode":false,"pivot":{"x":-0.59521484375,"y":-1.62335205078125,"z":-5.3662109375},"rotation":{"x":0.539101779460907,"y":0.15946978330612184,"z":-0.10479877144098282,"w":0.8203399181365967},"size":4.227990627288818,"orthographic":true}