{"cameraMode":{"drawMode":0,"name":"Shaded","section":"Shading Mode"},"sceneLighting":true,"audioPlay":false,"sceneViewState":{"showFog":true,"showMaterialUpdate":false,"showSkybox":true,"showFlares":true,"showImageEffects":true,"showParticleSystems":true},"in2DMode":false,"pivot":{"x":-27.843812942504884,"y":-34.53000259399414,"z":-5.811741828918457},"rotation":{"x":-0.20556291937828065,"y":0.7416431903839111,"z":-0.2617700397968292,"w":-0.5823956727981567},"size":61.4660530090332,"orthographic":false}