{"cameraMode":{"drawMode":0,"name":"Shaded","section":"Shading Mode"},"sceneLighting":true,"audioPlay":false,"sceneViewState":{"showFog":true,"showMaterialUpdate":false,"showSkybox":true,"showFlares":true,"showImageEffects":true,"showParticleSystems":true},"in2DMode":false,"pivot":{"x":30.660938262939454,"y":-24.492528915405275,"z":-6.132932186126709},"rotation":{"x":0.1687932163476944,"y":0.7324376106262207,"z":-0.1963340938091278,"w":0.6296947598457336},"size":76.85395050048828,"orthographic":false}