{"cameraMode":{"drawMode":0,"name":"Shaded","section":"Shading Mode"},"sceneLighting":true,"audioPlay":false,"sceneViewState":{"showFog":true,"showMaterialUpdate":false,"showSkybox":true,"showFlares":true,"showImageEffects":true,"showParticleSystems":true},"in2DMode":false,"pivot":{"x":-10.528366088867188,"y":-9.62070369720459,"z":-7.2407379150390629},"rotation":{"x":-0.041173648089170459,"y":0.8535909056663513,"z":-0.06827015429735184,"w":-0.514805018901825},"size":69.34239196777344,"orthographic":false}